<?xml version="1.0" encoding="utf-8" ?>
<dwsync>
<file name="datepicker_t.png" server="E:/softwork/apachetomcat6.0/" local="128618935660000000" remote="128618935660000000" Dst="0" />
<file name="datepicker_b.png" server="E:/softwork/apachetomcat6.0/" local="128618935660000000" remote="128618935660000000" Dst="0" />
<file name="datepicker_l.png" server="E:/softwork/apachetomcat6.0/" local="128618935660000000" remote="128618935660000000" Dst="0" />
<file name="datepicker_r.png" server="E:/softwork/apachetomcat6.0/" local="128618935660000000" remote="128618935660000000" Dst="0" />
<file name="datepicker_tl.png" server="E:/softwork/apachetomcat6.0/" local="128618935660000000" remote="128618935660000000" Dst="0" />
<file name="datepicker_tr.png" server="E:/softwork/apachetomcat6.0/" local="128618935660000000" remote="128618935660000000" Dst="0" />
<file name="datepicker_bl.png" server="E:/softwork/apachetomcat6.0/" local="128618935660000000" remote="128618935660000000" Dst="0" />
<file name="datepicker_br.png" server="E:/softwork/apachetomcat6.0/" local="128618935660000000" remote="128618935660000000" Dst="0" />
<file name="field.png" server="E:/softwork/apachetomcat6.0/" local="128618935660000000" remote="128618935660000000" Dst="0" />
</dwsync>